<?xml version="1.0"?>
<ruleset name="SWPCS">
	<description>Seniorro WordPress Coding Standards.</description>

	<config name="installed_paths" value="vendor/wp-coding-standards/wpcs"/>
	<rule ref="WordPress"/>
	<config name="minimum_supported_wp_version" value="5.0.0"/>

	<file>.</file>
	<exclude-pattern>assets/*</exclude-pattern>
	<exclude-pattern>packager/*</exclude-pattern>
	<exclude-pattern>sources/*</exclude-pattern>
	<exclude-pattern>vendor/*</exclude-pattern>

	<rule ref="WordPress.WP.I18n">
		<properties>
			<property name="text_domain" type="array" value="my_theme, my_core"/>
		</properties>
		<exclude name="WordPress.WP.I18n.NonSingularStringLiteralDomain"/>
	</rule>

	<rule ref="Squiz.Commenting">
		<exclude name="Generic.Commenting.DocComment.MissingShort"/>
	</rule>

	<rule ref="Squiz.Commenting">
		<exclude name="Squiz.Commenting.FileComment.Missing"/>
		<exclude name="Squiz.Commenting.FileComment.MissingPackageTag"/>
		<exclude name="Squiz.Commenting.ClassComment.Missing"/>
		<exclude name="Squiz.Commenting.VariableComment.Missing"/>
		<exclude name="Squiz.Commenting.FunctionComment.Missing"/>
		<exclude name="Squiz.Commenting.LongConditionClosingComment.Missing"/>
		<exclude name="Squiz.Commenting.FunctionComment.WrongStyle"/>
	</rule>

	<rule ref="WordPress.Files.FileName">
		<properties>
			<property name="strict_class_file_names" value="false"/>
		</properties>
		<exclude name="WordPress.Files.FileName.NotHyphenatedLowercase"/>
	</rule>

</ruleset>
